EPV0001,,,,
,,,,
Reference,Value,Footprint,Qty,Price (1 pc) IN RS 
"C1,C3,C5,C7,C8",0.1uf,Capacitor_SMD:C_0805_2012Metric,5,0.35
"C2,C6",10uf,Capacitor_SMD:C_0805_2012Metric,2,1.5
C4,22uf,Capacitor_SMD:C_0805_2012Metric,1,1
D1,G_LED,LED_SMD:LED_0805_2012Metric_Pad1.15x1.40mm_HandSolder,1,1
J1,VIN BAT (screw terminal ),TerminalBlock:TerminalBlock_bornier-2_P5.08mm,1,3
J2,Main switch,TerminalBlock:TerminalBlock_bornier-2_P5.08mm,1,3
J3,Boot Button(burgstrips ),Connector_PinHeader_2.54mm:PinHeader_1x02_P2.54mm_Vertical,1,10
J4,Code_Flasher,Connector_PinHeader_2.54mm:PinHeader_1x05_P2.54mm_Vertical,1,10
J5,"UFL MALE CONNECTOR SMD
",ufl:HRS_U.FL-R-SMT_01_,1,10
Interface cable ,SMA FEMALE TO UFL ANTENNA EXT -200MM,,1,
ANTENNA,2.4 GHZ/3 DB AT 5 GHZ SMA MALE RUBBER DUCK WIFI FOLDING ANTENNA-105 MM,,1,55
"R1,R3",10k,Resistor_SMD:R_0805_2012Metric,2,0.5
R2,330E,Resistor_SMD:R_0805_2012Metric_Pad1.20x1.40mm_HandSolder,1,0.5
R4,0E,Resistor_SMD:R_0805_2012Metric,1,0.5
SW1,SW_Push,Button_Switch_THT:SW_PUSH_6mm_H7.3mm,1,3
U2,LM1117DT-3.3,Package_TO_SOT_SMD:TO-252-3_TabPin2,1,5
U3,RFM95W-868S2,RF_Module:HOPERF_RFM9XW_SMD,1,500
U4,ESP32-WROOM-32UE,RF_Module:ESP32-WROOM-32UE,1,342
,battery,9v (duracell),1,250
Enclosure metel box with screw ,,,1,500
Main button ,,metel push buttorn,1,170
 ,,Manufacturing cost  (PCB),,440
,,Total,,2328.35
